<beans xmlns="http://www.springframework.org/schema/beans"
       xmlns:xsi="http://www.w3.org/2001/XMLSchema-instance"
       xmlns:jaxrs="http://cxf.apache.org/jaxrs"
       xsi:schemaLocation="
         http://www.springframework.org/schema/beans http://www.springframework.org/schema/beans/spring-beans-2.0.xsd
         http://cxf.apache.org/jaxrs http://cxf.apache.org/schemas/jaxrs.xsd">

    <jaxrs:server id="marvelService" address="/">
        <jaxrs:serviceBeans>
            <bean id="marvelBeanPersonaje" class="es.ies.puerto.services.PersonajeService"/>
            <bean id="marvelBeanPoder" class="es.ies.puerto.services.PoderService"/>
            <bean id="marvelBeanAlias" class="es.ies.puerto.services.AliasService"/>
            <bean id="marvelBeanEquip" class="es.ies.puerto.services.EquipamientoService"/>
        </jaxrs:serviceBeans>

        <jaxrs:providers>
            <bean class="com.fasterxml.jackson.jaxrs.json.JacksonJsonProvider"/>
        </jaxrs:providers>
    </jaxrs:server>
</beans>